PRAGMA foreign_keys=OFF;
BEGIN TRANSACTION;
CREATE TABLE Student(stuId varchar(15),lastName varchar(15),firstName varchar(15),major varchar(15), credits int, PRIMARY KEY(stuId));
INSERT INTO "Student" VALUES('S1001','Smith','Tom','History',90);
INSERT INTO "Student" VALUES('S1002','Chin','Ann','Math',36);
INSERT INTO "Student" VALUES('S1005','Lee','Perry','History',3);
INSERT INTO "Student" VALUES('S1010','Burns','Edward','Art',63);
INSERT INTO "Student" VALUES('S1013','McCarthy','Owen','Math',0);
INSERT INTO "Student" VALUES('S1015','Jones','Mary','Math',42);
INSERT INTO "Student" VALUES('S1020','Rivera','Jane','CSC',15);
CREATE TABLE Faculty(facId varchar(15),name varchar(15),department varchar(15),rank varchar(15), PRIMARY KEY(facId));
INSERT INTO "Faculty" VALUES('F101','Adams','Art','Professor');
INSERT INTO "Faculty" VALUES('F105','Tanaka','CSC','Instructor');
INSERT INTO "Faculty" VALUES('F110','Byrne','Math','Assistant');
INSERT INTO "Faculty" VALUES('F115','Smith','History','Associate');
INSERT INTO "Faculty" VALUES('F221','Smith','CSC','Professor');
CREATE TABLE Class(classNumber varchar(15),facId varchar(15),schedule varchar(15),room varchar(15), PRIMARY KEY(classNumber));
INSERT INTO "Class" VALUES('ART103A','F101','MWF9','H221');
INSERT INTO "Class" VALUES('CSC201A','F105','TuThF10','M110');
INSERT INTO "Class" VALUES('CSC203A','F105','MThF12','M110');
INSERT INTO "Class" VALUES('HST205A','F115','MWF11','H221');
INSERT INTO "Class" VALUES('MTH101B','F110','MTuTh9','H225');
INSERT INTO "Class" VALUES('MTH103C','F110','MWF11','H225');
CREATE TABLE Enroll(stuId varchar(15),classNumber varchar(15),grade varchar(5),PRIMARY KEY(stuId,classNumber));
INSERT INTO "Enroll" VALUES('S1001','ART103A','A');
INSERT INTO "Enroll" VALUES('S1001','HST205A','C');
INSERT INTO "Enroll" VALUES('S1002','ART103A','D');
INSERT INTO "Enroll" VALUES('S1002','CSC201A','F');
INSERT INTO "Enroll" VALUES('S1002','MTH103C','B');
INSERT INTO "Enroll" VALUES('S1010','ART103A','');
INSERT INTO "Enroll" VALUES('S1010','MTH103C','');
INSERT INTO "Enroll" VALUES('S1020','CSC201A','B');
INSERT INTO "Enroll" VALUES('S1020','MTH101B','A');
COMMIT;
